{"cameraMode":{"drawMode":0,"name":"Shaded","section":"Shading Mode"},"sceneLighting":true,"audioPlay":false,"sceneViewState":{"showFog":true,"showMaterialUpdate":false,"showSkybox":true,"showFlares":true,"showImageEffects":true,"showParticleSystems":true},"in2DMode":false,"pivot":{"x":2.1926779747009279,"y":-3.03558349609375,"z":2.741522789001465},"rotation":{"x":0.3337790071964264,"y":-0.2729184329509735,"z":0.10160690546035767,"w":0.8965414762496948},"size":7.917750835418701,"orthographic":false}